;             
CREATE USER IF NOT EXISTS SA SALT 'c6bb25043e9cc5b0' HASH 'b1e30b9e7398fd8984d34cf69d1fc24aa64dc7fde639f70a67340b7bbfcbdff0' ADMIN;           
CREATE SEQUENCE PUBLIC.SYSTEM_SEQUENCE_48BD5720_15FB_4721_9D9F_73FD12046913 START WITH 33 BELONGS_TO_TABLE;   
CREATE SEQUENCE PUBLIC.SYSTEM_SEQUENCE_6BBAD392_6045_48DF_B1A1_472B02D74ED6 START WITH 33 BELONGS_TO_TABLE;   
CREATE SEQUENCE PUBLIC.SYSTEM_SEQUENCE_482D1A7C_A1BF_4560_9DB2_AC8DBEB55301 START WITH 33 BELONGS_TO_TABLE;   
CREATE SEQUENCE PUBLIC.SYSTEM_SEQUENCE_8AF9420C_2790_464B_86FF_4C114F18C4AF START WITH 227 BELONGS_TO_TABLE;  
CREATE SEQUENCE PUBLIC.SYSTEM_SEQUENCE_885561D2_78D7_4FDF_921F_4C092CCA1376 START WITH 259 BELONGS_TO_TABLE;  
CREATE SEQUENCE PUBLIC.SYSTEM_SEQUENCE_AEDF5E03_33F5_448A_BAFC_A2DF573F2B4B START WITH 1 BELONGS_TO_TABLE;    
CREATE SEQUENCE PUBLIC.SYSTEM_SEQUENCE_D990C722_A34A_4170_A808_C58B53985CC9 START WITH 34 BELONGS_TO_TABLE;   
CREATE SEQUENCE PUBLIC.SYSTEM_SEQUENCE_053EA92A_A8FB_4738_A0F9_0F1E30A9C024 START WITH 33 BELONGS_TO_TABLE;   
CREATE SEQUENCE PUBLIC.SYSTEM_SEQUENCE_25E92E84_9996_40BD_B1D0_1DA7F60EE916 START WITH 11 BELONGS_TO_TABLE;   
CREATE SEQUENCE PUBLIC.SYSTEM_SEQUENCE_CF8DC7CA_62D1_4319_8184_7F676BCBA3EF START WITH 162 BELONGS_TO_TABLE;  
CREATE SEQUENCE PUBLIC.SYSTEM_SEQUENCE_09AC3ECF_A8B6_4704_BAD6_92C70E6D4BD1 START WITH 258 BELONGS_TO_TABLE;  
CREATE SEQUENCE PUBLIC.SYSTEM_SEQUENCE_E6504D6F_507C_4CF2_ABDE_C4940D8693FE START WITH 1 BELONGS_TO_TABLE;    
CREATE SEQUENCE PUBLIC.SYSTEM_SEQUENCE_35072BE0_FDB5_4C03_B116_CD2458BD4FD8 START WITH 1213 BELONGS_TO_TABLE; 
CREATE SEQUENCE PUBLIC.SYSTEM_SEQUENCE_835BF4BA_421C_4838_BC57_DE82A1475796 START WITH 13 BELONGS_TO_TABLE;   
CREATE SEQUENCE PUBLIC.SYSTEM_SEQUENCE_84B91494_EC98_4C8D_AD14_58627F4E775B START WITH 111 BELONGS_TO_TABLE;  
CREATE SEQUENCE PUBLIC.SYSTEM_SEQUENCE_EF42C146_067B_4BA6_84A7_600C6D0BB470 START WITH 1 BELONGS_TO_TABLE;    
CREATE SEQUENCE PUBLIC.SYSTEM_SEQUENCE_4274112B_F84B_4C7E_8772_C3988B97EA6E START WITH 259 BELONGS_TO_TABLE;  
CREATE SEQUENCE PUBLIC.SYSTEM_SEQUENCE_0CCBAE58_4B98_4A4B_AA7F_5C5E3ED913BD START WITH 293 BELONGS_TO_TABLE;  
CREATE SEQUENCE PUBLIC.SYSTEM_SEQUENCE_426BD2D2_6996_43BA_AC16_43DBCA832946 START WITH 196 BELONGS_TO_TABLE;  
CREATE SEQUENCE PUBLIC.SYSTEM_SEQUENCE_769F4FA0_B2B9_47F8_85B4_A27D9891777E START WITH 1 BELONGS_TO_TABLE;    
CREATE SEQUENCE PUBLIC.SYSTEM_SEQUENCE_9349D396_B548_43F3_BEE3_341BD09FEBF9 START WITH 1 BELONGS_TO_TABLE;    
CREATE SEQUENCE PUBLIC.SYSTEM_SEQUENCE_B597D353_E55F_4FEB_B2F9_107E8B0CC965 START WITH 517 BELONGS_TO_TABLE;  
CREATE SEQUENCE PUBLIC.SYSTEM_SEQUENCE_018EF2E3_12D4_4EB0_A4F7_34084022D1D1 START WITH 1 BELONGS_TO_TABLE;    
CREATE CACHED TABLE PUBLIC.USER(
    ID INT DEFAULT (NEXT VALUE FOR PUBLIC.SYSTEM_SEQUENCE_426BD2D2_6996_43BA_AC16_43DBCA832946) NOT NULL NULL_TO_DEFAULT SEQUENCE PUBLIC.SYSTEM_SEQUENCE_426BD2D2_6996_43BA_AC16_43DBCA832946,
    NAME VARCHAR(100) NOT NULL,
    EMAIL VARCHAR(50) NOT NULL,
    PASSWORD VARCHAR(20) NOT NULL,
    USER_NAME VARCHAR(100) NOT NULL,
    ADDING_TIME DATE,
    DELETING_TIME DATE,
    UPDATE_TIME DATE,
    FLAG TINYINT DEFAULT 0 NOT NULL
);  
ALTER TABLE PUBLIC.USER ADD CONSTRAINT PUBLIC.CONSTRAINT_2 PRIMARY KEY(ID);   
-- 13 +/- SELECT COUNT(*) FROM PUBLIC.USER;   
INSERT INTO PUBLIC.USER(ID, NAME, EMAIL, PASSWORD, USER_NAME, ADDING_TIME, DELETING_TIME, UPDATE_TIME, FLAG) VALUES
(1, 'John Doe', 'john.doe@example.com', 'password123', 'john_doe', DATE '2023-12-06', DATE '2023-12-07', DATE '2023-12-08', 0),
(2, 'Jane Smith', 'jane.smith@example.com', 'securepass', 'jane_smith', DATE '2023-12-06', DATE '2023-12-07', DATE '2023-12-08', 1),
(3, 'Bob Johnson', 'bob.johnson@example.com', 'pass123', 'bob_johnson', DATE '2023-12-06', DATE '2023-12-07', DATE '2023-12-08', 0),
(33, 'ueda', 'aaaa', '12345', 'ueda', DATE '2023-12-09', NULL, NULL, 0),
(65, 'yuuki', 'aaa@aaaa', '12345', 'yuki', DATE '2023-12-09', NULL, NULL, 0),
(66, STRINGDECODE('\u30c0\u30fc\u30af\u30e9\u30a4'), 'aaa@aaa', 'aaaaa', 'd', DATE '2023-12-10', NULL, NULL, 0),
(98, 'ueda', 'tanaka@tanaka', '12345', STRINGDECODE('\u60a0\u6689'), DATE '2023-12-11', NULL, NULL, 0),
(130, STRINGDECODE('\u4e0a\u7530\u60a0\u6689'), 'aaaaaa', 'asdw', 'tanaka', DATE '2023-12-15', NULL, NULL, 0),
(131, 'hiratuka', 'aaaaaaaa@aaaaaaa', 'card', STRINGDECODE('\u5e73\u585a'), DATE '2023-12-15', DATE '2023-12-17', NULL, 1),
(133, STRINGDECODE('\u9ad8\u6a4b'), '', 'samplepass', 'kkr2290037@stu.o-hara.ac.jp', DATE '2024-01-24', NULL, NULL, 0),
(134, '', '', 'samplepass', 'kkr2290037@stu.o-hara.ac.jp', DATE '2024-01-24', NULL, NULL, 0),
(135, '', '', 'samplepass', 'kkr2290037@stu.o-hara.ac.jp', DATE '2024-01-24', NULL, NULL, 0),
(164, STRINGDECODE('\u4e0a\u7530\u60a0\u6689'), 'tanukiti7728@icloud.com', '12345', 'yuuki', DATE '2024-01-29', NULL, NULL, 0);     
CREATE CACHED TABLE PUBLIC.ADDRESS(
    ID INT DEFAULT (NEXT VALUE FOR PUBLIC.SYSTEM_SEQUENCE_48BD5720_15FB_4721_9D9F_73FD12046913) NOT NULL NULL_TO_DEFAULT SEQUENCE PUBLIC.SYSTEM_SEQUENCE_48BD5720_15FB_4721_9D9F_73FD12046913,
    USER_ID INT,
    ADDRESS VARCHAR(1000),
    PHONE_NUMBER VARCHAR(200)
);          
ALTER TABLE PUBLIC.ADDRESS ADD CONSTRAINT PUBLIC.CONSTRAINT_E PRIMARY KEY(ID);
-- 1 +/- SELECT COUNT(*) FROM PUBLIC.ADDRESS; 
INSERT INTO PUBLIC.ADDRESS(ID, USER_ID, ADDRESS, PHONE_NUMBER) VALUES
(1, 98, STRINGDECODE('\u5c71\u53e3\u770c\u4e0b\u95a2\u5e02 \u5c0f\u6708\u5357\u753a11\uff0d11'), NULL);
CREATE CACHED TABLE PUBLIC.ADMIN(
    ID INT DEFAULT (NEXT VALUE FOR PUBLIC.SYSTEM_SEQUENCE_D990C722_A34A_4170_A808_C58B53985CC9) NOT NULL NULL_TO_DEFAULT SEQUENCE PUBLIC.SYSTEM_SEQUENCE_D990C722_A34A_4170_A808_C58B53985CC9,
    ADMIN_NAME VARCHAR(200) NOT NULL,
    PASSWORD VARCHAR(200) NOT NULL,
    EMAIL VARCHAR(1000) NOT NULL,
    ADDING_TIME DATE,
    DELETING_TIME DATE,
    UPDATE_TIME DATE,
    FLAG TINYINT DEFAULT 0 NOT NULL
);              
ALTER TABLE PUBLIC.ADMIN ADD CONSTRAINT PUBLIC.CONSTRAINT_3 PRIMARY KEY(ID);  
-- 11 +/- SELECT COUNT(*) FROM PUBLIC.ADMIN;  
INSERT INTO PUBLIC.ADMIN(ID, ADMIN_NAME, PASSWORD, EMAIL, ADDING_TIME, DELETING_TIME, UPDATE_TIME, FLAG) VALUES
(1, 'Admin1', 'password123', 'admin1@example.com', DATE '2024-01-17', NULL, DATE '2024-01-29', 0),
(2, 'Admin2', 'securepass', 'admin2@example.com', DATE '2024-01-18', NULL, DATE '2024-01-29', 0),
(3, 'Admin3', 'adminpass', 'admin3@example.com', DATE '2024-01-19', NULL, DATE '2024-01-29', 0),
(4, 'ueda', '12345', 'kkrueda@stu.o-hara.ac.jp', DATE '2024-01-17', NULL, DATE '2024-01-29', 0),
(5, 'ueda', '12345', 'kkrueda@stu.o-hara.ac.jp', DATE '2024-01-17', NULL, DATE '2024-01-29', 0),
(6, 'ueda', '12345', 'kkrueda@stu.o-hara.ac.jp', DATE '2024-01-17', NULL, DATE '2024-01-29', 1),
(7, 'ueda', '12345', 'kkrueda@stu.o-hara.ac.jp', DATE '2024-01-17', NULL, DATE '2024-01-29', 1),
(8, 'ueda', '12345', 'kkrueda@stu.o-hara.ac.jp', DATE '2024-01-17', NULL, DATE '2024-01-29', 1),
(9, 'ueda', '12345', 'kkrueda@stu.o-hara.ac.jp', DATE '2024-01-17', NULL, DATE '2024-01-29', 1),
(10, 'ueda', '12345', 'kkrueda@stu.o-hara.ac.jp', DATE '2024-01-17', NULL, DATE '2024-01-29', 1),
(33, 'ueda', 'asdw', 'kkr2290037@stu.o-hara.ac.jp', DATE '2024-01-29', NULL, DATE '2024-01-29', 1);  
CREATE CACHED TABLE PUBLIC.COMPANY(
    ID INT DEFAULT (NEXT VALUE FOR PUBLIC.SYSTEM_SEQUENCE_053EA92A_A8FB_4738_A0F9_0F1E30A9C024) NOT NULL NULL_TO_DEFAULT SEQUENCE PUBLIC.SYSTEM_SEQUENCE_053EA92A_A8FB_4738_A0F9_0F1E30A9C024,
    COMPANY_NAME VARCHAR(20) NOT NULL,
    ADDRESS VARCHAR(30) NOT NULL,
    PASSWORD VARCHAR(20) NOT NULL,
    COMPANY_IMAGE VARCHAR(20) NOT NULL,
    EMAIL VARCHAR(20) NOT NULL,
    NAME VARCHAR(20) NOT NULL,
    PHONE_NUMBER VARCHAR(20) NOT NULL,
    ADDING_TIME DATE,
    DELETING_TIME DATE,
    UPDATE_TIME DATE,
    FLAG TINYINT DEFAULT 0 NOT NULL
);          
ALTER TABLE PUBLIC.COMPANY ADD CONSTRAINT PUBLIC.CONSTRAINT_6 PRIMARY KEY(ID);
-- 2 +/- SELECT COUNT(*) FROM PUBLIC.COMPANY; 
INSERT INTO PUBLIC.COMPANY(ID, COMPANY_NAME, ADDRESS, PASSWORD, COMPANY_IMAGE, EMAIL, NAME, PHONE_NUMBER, ADDING_TIME, DELETING_TIME, UPDATE_TIME, FLAG) VALUES
(1, STRINGDECODE('\u4f1a\u793eA'), STRINGDECODE('\u6771\u4eac\u90fd\u6e0b\u8c37\u533a'), 'password123', 'companyA_image.png', 'info@companyA.com', STRINGDECODE('\u62c5\u5f53\u8005A'), '123-4567-8901', DATE '2024-01-29', NULL, NULL, 1),
(2, STRINGDECODE('\u4f1a\u793eB'), STRINGDECODE('\u5927\u962a\u5e9c\u5927\u962a\u5e02'), 'password456', 'companyB_image.png', 'info@companyB.com', STRINGDECODE('\u62c5\u5f53\u8005AA'), '987-6543-2109', DATE '2024-01-29', NULL, DATE '2024-01-29', 0);       
CREATE CACHED TABLE PUBLIC.PRODUCT(
    ID INT DEFAULT (NEXT VALUE FOR PUBLIC.SYSTEM_SEQUENCE_6BBAD392_6045_48DF_B1A1_472B02D74ED6) NOT NULL NULL_TO_DEFAULT SEQUENCE PUBLIC.SYSTEM_SEQUENCE_6BBAD392_6045_48DF_B1A1_472B02D74ED6,
    COMPANY_ID INT,
    ORIGINAL_PRODUCTS_ID INT DEFAULT (NEXT VALUE FOR PUBLIC.SYSTEM_SEQUENCE_84B91494_EC98_4C8D_AD14_58627F4E775B) NOT NULL NULL_TO_DEFAULT SEQUENCE PUBLIC.SYSTEM_SEQUENCE_84B91494_EC98_4C8D_AD14_58627F4E775B,
    PRODUCT_CATEGORY_ID INT NOT NULL,
    PRODUCT_NAME VARCHAR(100) NOT NULL,
    UNIT_PRICE INT NOT NULL,
    ADDING_TIME DATE,
    DELETING_TIME DATE,
    UPDATE_TIME DATE,
    PRODUCT_DESCRIPTION VARCHAR(1000) NOT NULL,
    REGIINVQUA INT NOT NULL,
    PRODUCT_OVERVIEW VARCHAR NOT NULL,
    FLAG TINYINT DEFAULT 0 NOT NULL
);               
ALTER TABLE PUBLIC.PRODUCT ADD CONSTRAINT PUBLIC.CONSTRAINT_1 PRIMARY KEY(ID);
-- 10 +/- SELECT COUNT(*) FROM PUBLIC.PRODUCT;
INSERT INTO PUBLIC.PRODUCT(ID, COMPANY_ID, ORIGINAL_PRODUCTS_ID, PRODUCT_CATEGORY_ID, PRODUCT_NAME, UNIT_PRICE, ADDING_TIME, DELETING_TIME, UPDATE_TIME, PRODUCT_DESCRIPTION, REGIINVQUA, PRODUCT_OVERVIEW, FLAG) VALUES
(1, 1, 101, 1, STRINGDECODE('\u5546\u54c1A'), 1000, DATE '2023-01-01', NULL, NULL, STRINGDECODE('\u5546\u54c1A\u306e\u8aac\u660e'), 50, STRINGDECODE('\u5546\u54c1A\u306e\u6982\u8981'), 0),
(2, 2, 102, 1, STRINGDECODE('\u5546\u54c1B'), 1500, DATE '2023-01-02', NULL, NULL, STRINGDECODE('\u5546\u54c1B\u306e\u8aac\u660e'), 30, STRINGDECODE('\u5546\u54c1B\u306e\u6982\u8981'), 0),
(3, 1, 103, 1, STRINGDECODE('\u5546\u54c1C'), 2000, DATE '2023-01-03', NULL, NULL, STRINGDECODE('\u5546\u54c1C\u306e\u8aac\u660e'), 40, STRINGDECODE('\u5546\u54c1C\u306e\u6982\u8981'), 0),
(4, 2, 104, 1, STRINGDECODE('\u5546\u54c1D'), 1200, DATE '2023-01-04', NULL, NULL, STRINGDECODE('\u5546\u54c1D\u306e\u8aac\u660e'), 25, STRINGDECODE('\u5546\u54c1D\u306e\u6982\u8981'), 0),
(5, 1, 105, 1, STRINGDECODE('\u5546\u54c1E'), 1800, DATE '2023-01-05', NULL, NULL, STRINGDECODE('\u5546\u54c1E\u306e\u8aac\u660e'), 60, STRINGDECODE('\u5546\u54c1E\u306e\u6982\u8981'), 0),
(6, 2, 106, 1, STRINGDECODE('\u5546\u54c1F'), 800, DATE '2023-01-06', NULL, NULL, STRINGDECODE('\u5546\u54c1F\u306e\u8aac\u660e'), 35, STRINGDECODE('\u5546\u54c1F\u306e\u6982\u8981'), 0),
(7, 1, 107, 1, STRINGDECODE('\u5546\u54c1G'), 2500, DATE '2023-01-07', NULL, NULL, STRINGDECODE('\u5546\u54c1G\u306e\u8aac\u660e'), 28, STRINGDECODE('\u5546\u54c1G\u306e\u6982\u8981'), 0),
(8, 2, 108, 1, STRINGDECODE('\u5546\u54c1H'), 3000, DATE '2023-01-08', NULL, NULL, STRINGDECODE('\u5546\u54c1H\u306e\u8aac\u660e'), 45, STRINGDECODE('\u5546\u54c1H\u306e\u6982\u8981'), 0),
(9, 1, 109, 1, STRINGDECODE('\u5546\u54c1I'), 1600, DATE '2023-01-09', NULL, NULL, STRINGDECODE('\u5546\u54c1I\u306e\u8aac\u660e'), 55, STRINGDECODE('\u5546\u54c1I\u306e\u6982\u8981'), 0),
(10, 2, 110, 2, STRINGDECODE('\u5546\u54c1J'), 2200, DATE '2023-01-10', NULL, NULL, STRINGDECODE('\u5546\u54c1J\u306e\u8aac\u660e'), 32, STRINGDECODE('\u5546\u54c1J\u306e\u6982\u8981'), 0);          
CREATE CACHED TABLE PUBLIC.TEST_PRODUCT(
    ID INT DEFAULT (NEXT VALUE FOR PUBLIC.SYSTEM_SEQUENCE_E6504D6F_507C_4CF2_ABDE_C4940D8693FE) NOT NULL NULL_TO_DEFAULT SEQUENCE PUBLIC.SYSTEM_SEQUENCE_E6504D6F_507C_4CF2_ABDE_C4940D8693FE,
    PRO_ID INT,
    PRODUCT_CATEGORY_ID INT NOT NULL,
    TESTPRO_NAME VARCHAR(100) NOT NULL,
    TEST_PRICE INT NOT NULL,
    ADDING_TIME DATE,
    DELETING_TIME DATE,
    UPDATE_TIME DATE,
    PRODUCT_DESCRIPTION VARCHAR(1000) NOT NULL,
    REGIINVQUA INT NOT NULL,
    PRODUCT_OVERVIEW VARCHAR NOT NULL,
    FLAG TINYINT DEFAULT 0 NOT NULL
);
ALTER TABLE PUBLIC.TEST_PRODUCT ADD CONSTRAINT PUBLIC.CONSTRAINT_27 PRIMARY KEY(ID);          
-- 0 +/- SELECT COUNT(*) FROM PUBLIC.TEST_PRODUCT;            
CREATE CACHED TABLE PUBLIC.PRO_IMAGE(
    PRO_IMAGE_ID INT DEFAULT (NEXT VALUE FOR PUBLIC.SYSTEM_SEQUENCE_482D1A7C_A1BF_4560_9DB2_AC8DBEB55301) NOT NULL NULL_TO_DEFAULT SEQUENCE PUBLIC.SYSTEM_SEQUENCE_482D1A7C_A1BF_4560_9DB2_AC8DBEB55301,
    PRODUCT_ID INT NOT NULL,
    IMAGE_FILENAME VARCHAR(1000) NOT NULL,
    FLAG TINYINT DEFAULT 0 NOT NULL
);            
ALTER TABLE PUBLIC.PRO_IMAGE ADD CONSTRAINT PUBLIC.CONSTRAINT_9 PRIMARY KEY(PRO_IMAGE_ID);    
-- 10 +/- SELECT COUNT(*) FROM PUBLIC.PRO_IMAGE;              
INSERT INTO PUBLIC.PRO_IMAGE(PRO_IMAGE_ID, PRODUCT_ID, IMAGE_FILENAME, FLAG) VALUES
(1, 1, 'pro1.jpg', 0),
(2, 2, 'pro2.jpg', 0),
(3, 3, 'pro3.jpg', 0),
(4, 4, 'pro4.jpg', 0),
(5, 5, 'pro5.jpg', 0),
(6, 6, 'pro6.jpg', 0),
(7, 7, 'pro7.jpg', 0),
(8, 8, 'pro8.jpg', 0),
(9, 9, 'pro9.jpg', 0),
(10, 10, 'pro10.jpg', 0);        
CREATE CACHED TABLE PUBLIC.PRODUCT_CATEGORY(
    ID INT DEFAULT (NEXT VALUE FOR PUBLIC.SYSTEM_SEQUENCE_25E92E84_9996_40BD_B1D0_1DA7F60EE916) NOT NULL NULL_TO_DEFAULT SEQUENCE PUBLIC.SYSTEM_SEQUENCE_25E92E84_9996_40BD_B1D0_1DA7F60EE916,
    PRODUCT_CATEGORY_ID INT NOT NULL,
    PRODUCT_ID INT NOT NULL,
    CATEGORY_NAME VARCHAR(100) NOT NULL,
    ICON_IMAGE VARCHAR(100)
);  
ALTER TABLE PUBLIC.PRODUCT_CATEGORY ADD CONSTRAINT PUBLIC.CONSTRAINT_39 PRIMARY KEY(ID);      
-- 10 +/- SELECT COUNT(*) FROM PUBLIC.PRODUCT_CATEGORY;       
INSERT INTO PUBLIC.PRODUCT_CATEGORY(ID, PRODUCT_CATEGORY_ID, PRODUCT_ID, CATEGORY_NAME, ICON_IMAGE) VALUES
(1, 1, 1, STRINGDECODE('\u98df\u54c1'), 'food_icon.png'),
(2, 1, 2, STRINGDECODE('\u98df\u54c1'), 'clothing_icon.png'),
(3, 1, 3, STRINGDECODE('\u98df\u54c1'), 'electronics_icon.png'),
(4, 1, 4, STRINGDECODE('\u98df\u54c1'), 'book_icon.png'),
(5, 1, 5, STRINGDECODE('\u98df\u54c1'), 'food_icon.png'),
(6, 1, 6, STRINGDECODE('\u98df\u54c1'), 'electronics_icon.png'),
(7, 1, 7, STRINGDECODE('\u98df\u54c1'), 'book_icon.png'),
(8, 1, 8, STRINGDECODE('\u98df\u54c1'), 'clothing_icon.png'),
(9, 1, 9, STRINGDECODE('\u98df\u54c1'), 'electronics_icon.png'),
(10, 2, 10, STRINGDECODE('\u96fb\u6c17\u7528\u54c1'), 'book_icon.png');           
CREATE CACHED TABLE PUBLIC.PRODUCT_CART(
    CART_ID INT DEFAULT (NEXT VALUE FOR PUBLIC.SYSTEM_SEQUENCE_B597D353_E55F_4FEB_B2F9_107E8B0CC965) NOT NULL NULL_TO_DEFAULT SEQUENCE PUBLIC.SYSTEM_SEQUENCE_B597D353_E55F_4FEB_B2F9_107E8B0CC965,
    USER_ID INT NOT NULL,
    PRODUCT_ID INT NOT NULL,
    COMPANY_ID INT NOT NULL,
    ORDER_COUNT INT NOT NULL,
    ADDING_TIME DATE,
    DELETING_TIME DATE,
    UPDATE_TIME DATE,
    DELETION_FLAG TINYINT DEFAULT 0 NOT NULL
);  
ALTER TABLE PUBLIC.PRODUCT_CART ADD CONSTRAINT PUBLIC.CONSTRAINT_C PRIMARY KEY(CART_ID);      
-- 41 +/- SELECT COUNT(*) FROM PUBLIC.PRODUCT_CART;           
INSERT INTO PUBLIC.PRODUCT_CART(CART_ID, USER_ID, PRODUCT_ID, COMPANY_ID, ORDER_COUNT, ADDING_TIME, DELETING_TIME, UPDATE_TIME, DELETION_FLAG) VALUES
(1, 98, 1, 1, 6, DATE '2023-12-21', DATE '2023-12-21', NULL, 1),
(2, 98, 2, 2, 8, DATE '2023-12-21', DATE '2023-12-21', NULL, 1),
(3, 98, 3, 1, 1, DATE '2023-12-21', DATE '2023-12-21', NULL, 1),
(4, 98, 3, 1, 3, DATE '2023-12-21', DATE '2023-12-21', NULL, 1),
(5, 98, 1, 1, 8, DATE '2023-12-25', DATE '2023-12-26', NULL, 1),
(6, 98, 1, 1, 9, DATE '2023-12-25', DATE '2023-12-26', NULL, 1),
(37, 98, 1, 1, 9, DATE '2023-12-25', DATE '2023-12-26', NULL, 1),
(38, 130, 1, 1, 2, DATE '2023-12-25', NULL, NULL, 0),
(69, 98, 1, 1, 2, DATE '2023-12-25', DATE '2023-12-26', NULL, 1),
(70, 98, 1, 1, 1, DATE '2023-12-25', DATE '2023-12-26', NULL, 1),
(101, 98, 4, 2, 8, DATE '2023-12-26', DATE '2023-12-26', NULL, 1),
(102, 98, 1, 1, 2, DATE '2023-12-26', DATE '2023-12-26', NULL, 1),
(103, 98, 1, 1, 6, DATE '2023-12-26', DATE '2023-12-26', NULL, 1),
(104, 98, 1, 1, 8, DATE '2023-12-26', DATE '2023-12-26', NULL, 1),
(133, 98, 2, 2, 12, DATE '2024-01-02', DATE '2024-01-02', NULL, 1),
(134, 98, 1, 1, 9, DATE '2024-01-02', DATE '2024-01-02', NULL, 1),
(135, 98, 1, 1, 8, DATE '2024-01-02', DATE '2024-01-02', NULL, 1),
(165, 98, 1, 1, 8, DATE '2024-01-10', DATE '2024-01-10', NULL, 1),
(166, 98, 1, 1, 6, DATE '2024-01-10', DATE '2024-01-10', NULL, 1),
(197, 98, 1, 1, 8, DATE '2024-01-11', DATE '2024-01-14', NULL, 1),
(229, 3, 1, 1, 11, DATE '2024-01-14', DATE '2024-01-14', NULL, 1),
(230, 3, 3, 1, 6, DATE '2024-01-14', DATE '2024-01-14', NULL, 1),
(231, 98, 3, 1, 9, DATE '2024-01-14', DATE '2024-01-14', NULL, 1),
(261, 98, 1, 1, 3, DATE '2024-01-15', DATE '2024-01-15', NULL, 1),
(262, 98, 1, 1, 8, DATE '2024-01-15', DATE '2024-01-15', NULL, 1),
(263, 98, 1, 1, 2, DATE '2024-01-15', DATE '2024-01-15', NULL, 1),
(293, 98, 2, 2, 8, DATE '2024-01-16', DATE '2024-01-16', NULL, 1),
(294, 98, 2, 2, 9, DATE '2024-01-16', DATE '2024-01-19', NULL, 1),
(325, 98, 1, 1, 8, DATE '2024-01-19', DATE '2024-01-19', NULL, 1),
(326, 98, 1, 1, 8, DATE '2024-01-19', DATE '2024-01-19', NULL, 1),
(327, 98, 1, 1, 8, DATE '2024-01-19', DATE '2024-01-19', NULL, 1),
(328, 98, 1, 1, 2, DATE '2024-01-19', DATE '2024-01-24', NULL, 1),
(329, 98, 1, 1, 3, DATE '2024-01-19', DATE '2024-01-24', NULL, 1),
(357, 98, 1, 1, 8, DATE '2024-01-24', DATE '2024-01-24', NULL, 1),
(389, 98, 1, 1, 2, DATE '2024-01-24', DATE '2024-01-24', NULL, 1),
(421, 98, 3, 1, 10, DATE '2024-01-25', DATE '2024-01-26', NULL, 1),
(422, 98, 1, 1, 89, DATE '2024-01-25', DATE '2024-01-26', NULL, 1),
(453, 98, 1, 1, 7, DATE '2024-01-26', DATE '2024-01-26', NULL, 1),
(454, 98, 1, 1, 7, DATE '2024-01-26', DATE '2024-01-26', NULL, 1),
(485, 164, 1, 1, 7, DATE '2024-01-29', DATE '2024-01-29', NULL, 1),
(486, 164, 5, 1, 5, DATE '2024-01-29', DATE '2024-01-29', NULL, 1);             
CREATE CACHED TABLE PUBLIC.PURCHASE_HISTORY(
    ID INT DEFAULT (NEXT VALUE FOR PUBLIC.SYSTEM_SEQUENCE_09AC3ECF_A8B6_4704_BAD6_92C70E6D4BD1) NOT NULL NULL_TO_DEFAULT SEQUENCE PUBLIC.SYSTEM_SEQUENCE_09AC3ECF_A8B6_4704_BAD6_92C70E6D4BD1,
    COMPANY_ID INT NOT NULL,
    PRODUCT_ID INT NOT NULL,
    USER_ID INT NOT NULL,
    COUNT INT,
    COUPON_ID VARCHAR(10000),
    PHONE_NUMBER INT,
    PURCHASE_PRICE INT NOT NULL,
    PURCHASE_TIME DATE,
    PAYMENTMETHOD VARCHAR(100) NOT NULL,
    DELADDRESS VARCHAR(100),
    CANCEL_TIME DATE,
    CANCEL_FLAG TINYINT DEFAULT 0 NOT NULL
);           
ALTER TABLE PUBLIC.PURCHASE_HISTORY ADD CONSTRAINT PUBLIC.CONSTRAINT_29 PRIMARY KEY(ID);      
-- 16 +/- SELECT COUNT(*) FROM PUBLIC.PURCHASE_HISTORY;       
INSERT INTO PUBLIC.PURCHASE_HISTORY(ID, COMPANY_ID, PRODUCT_ID, USER_ID, COUNT, COUPON_ID, PHONE_NUMBER, PURCHASE_PRICE, PURCHASE_TIME, PAYMENTMETHOD, DELADDRESS, CANCEL_TIME, CANCEL_FLAG) VALUES
(1, 1, 1, 98, 6, STRINGDECODE('\u306a\u3057'), NULL, 1000, DATE '2023-12-26', STRINGDECODE('\u8cfc\u5165'), 'hukuokakokurakita11-11', DATE '2023-12-26', 1),
(2, 1, 1, 98, 8, STRINGDECODE('\u306a\u3057'), NULL, 1000, DATE '2023-12-26', STRINGDECODE('\u8cfc\u5165'), 'hukuokakokurakita11-11', DATE '2023-12-26', 1),
(33, 2, 2, 98, 12, STRINGDECODE('\u306a\u3057'), NULL, 1000, DATE '2024-01-02', STRINGDECODE('\u8cfc\u5165'), STRINGDECODE('\u5c71\u53e3\u770c\u5c71\u53e3\u770c \u4e0b\u95a2\u5e02 \u5c0f\u6708\u5357\u753a\u5c71\u53e3\u770c \u4e0b\u95a2\u5e02 \u5c0f\u6708\u5357\u753a'), DATE '2024-01-02', 1),
(34, 1, 1, 98, 9, STRINGDECODE('\u306a\u3057'), NULL, 1000, DATE '2024-01-02', STRINGDECODE('\u8cfc\u5165'), STRINGDECODE('hukuoka\u5e02\u753a\u6751\u756a\u5730'), DATE '2024-01-10', 1),
(35, 1, 1, 98, 8, STRINGDECODE('\u306a\u3057'), NULL, 1000, DATE '2024-01-02', STRINGDECODE('\u8cfc\u5165'), STRINGDECODE('huuokasityousonn\u756a\u5730'), DATE '2024-01-10', 1),
(65, 1, 3, 3, 6, STRINGDECODE('\u306a\u3057'), NULL, 1000, DATE '2024-01-14', STRINGDECODE('\u8cfc\u5165'), STRINGDECODE('\u4e0d\u3058\u3085\u304a\u304bsityousonn11-\uff11\uff11'), DATE '2024-01-14', 1),
(97, 1, 1, 98, 8, STRINGDECODE('\u306a\u3057'), NULL, 1000, DATE '2024-01-15', STRINGDECODE('\u8cfc\u5165'), STRINGDECODE('\u798f\u5ca1\u5c0f\u500911-11'), DATE '2024-01-15', 1),
(129, 1, 1, 98, 2, STRINGDECODE('\u306a\u3057'), NULL, 1000, DATE '2024-01-24', STRINGDECODE('\u8cfc\u5165'), STRINGDECODE('\u798f\u5ca1\u5c0f\u5009\u531711\uff0d11'), NULL, 0),
(130, 1, 1, 98, 8, STRINGDECODE('\u306a\u3057'), NULL, 1000, DATE '2024-01-24', STRINGDECODE('\u8cfc\u5165'), STRINGDECODE('\u798f\u5ca1\u5c0f\u5009\u531711\uff0d11'), DATE '2024-01-24', 1),
(161, 1, 1, 98, 2, STRINGDECODE('\u306a\u3057'), NULL, 1000, DATE '2024-01-24', STRINGDECODE('\u8cfc\u5165'), STRINGDECODE('\u5c71\u53e3\u770c\u5c71\u53e3\u770c \u4e0b\u95a2\u5e02 \u5c0f\u6708\u5357\u753a11-11'), NULL, 0),
(193, 1, 3, 98, 10, STRINGDECODE('\u306a\u3057'), NULL, 1000, DATE '2024-01-26', STRINGDECODE('\u8cfc\u5165'), '', DATE '2024-01-26', 1),
(194, 1, 1, 98, 89, STRINGDECODE('\u306a\u3057'), NULL, 1000, DATE '2024-01-26', STRINGDECODE('\u8cfc\u5165'), '', DATE '2024-01-26', 1),
(195, 1, 1, 98, 7, STRINGDECODE('\u306a\u3057'), NULL, 1000, DATE '2024-01-26', STRINGDECODE('\u8cfc\u5165'), '', DATE '2024-01-26', 1),
(196, 1, 1, 98, 7, STRINGDECODE('\u306a\u3057'), NULL, 1000, DATE '2024-01-26', STRINGDECODE('\u8cfc\u5165'), STRINGDECODE('\u5c71\u53e3\u770c\u4e0b\u95a2\u5e02 \u5c0f\u6708\u5357\u753a11-11'), NULL, 0),
(225, 1, 1, 164, 7, STRINGDECODE('\u306a\u3057'), NULL, 1000, DATE '2024-01-29', STRINGDECODE('\u8cfc\u5165'), STRINGDECODE('\u5c71\u53e3\u770c\u4e0b\u95a2\u5e02 \u5c0f\u6708\u5357\u753a11-11'), NULL, 0),
(257, 1, 5, 164, 5, 'code', NULL, 1000, DATE '2024-01-29', STRINGDECODE('\u8cfc\u5165'), STRINGDECODE('\u5c71\u53e3\u770c\u4e0b\u95a2\u5e02 \u5c0f\u6708\u5357\u753a11-11'), NULL, 0);   
CREATE CACHED TABLE PUBLIC.PURCHASE_HISTORY_PRO(
    PUR_HIS_PRO_ID INT DEFAULT (NEXT VALUE FOR PUBLIC.SYSTEM_SEQUENCE_9349D396_B548_43F3_BEE3_341BD09FEBF9) NOT NULL NULL_TO_DEFAULT SEQUENCE PUBLIC.SYSTEM_SEQUENCE_9349D396_B548_43F3_BEE3_341BD09FEBF9,
    PURCHASE_ID INT NOT NULL,
    ITEM_ID INT NOT NULL,
    COUNT INT NOT NULL
);            
ALTER TABLE PUBLIC.PURCHASE_HISTORY_PRO ADD CONSTRAINT PUBLIC.CONSTRAINT_F PRIMARY KEY(PUR_HIS_PRO_ID);       
-- 0 +/- SELECT COUNT(*) FROM PUBLIC.PURCHASE_HISTORY_PRO;    
CREATE CACHED TABLE PUBLIC.COUPON(
    COUPON_ID INT DEFAULT (NEXT VALUE FOR PUBLIC.SYSTEM_SEQUENCE_835BF4BA_421C_4838_BC57_DE82A1475796) NOT NULL NULL_TO_DEFAULT SEQUENCE PUBLIC.SYSTEM_SEQUENCE_835BF4BA_421C_4838_BC57_DE82A1475796,
    PRODUCT_ID INT,
    EFFECT INT NOT NULL,
    COUPON_NAME VARCHAR(100) NOT NULL,
    IMAGE VARCHAR(100),
    COUPON_CODE VARCHAR(100) NOT NULL,
    FLAG TINYINT DEFAULT 0 NOT NULL
);    
ALTER TABLE PUBLIC.COUPON ADD CONSTRAINT PUBLIC.CONSTRAINT_7 PRIMARY KEY(COUPON_ID);          
-- 12 +/- SELECT COUNT(*) FROM PUBLIC.COUPON; 
INSERT INTO PUBLIC.COUPON(COUPON_ID, PRODUCT_ID, EFFECT, COUPON_NAME, IMAGE, COUPON_CODE, FLAG) VALUES
(1, 1, 10, 'Discount Coupon 1', 'coupon_image_1.jpg', 'CODE123', 1),
(2, 2, 15, 'Special Offer', 'coupon_image_2.jpg', 'SPECIALOFFER', 0),
(3, 3, 20, 'Flash Sale Coupon', 'coupon_image_3.jpg', 'FLASHSALE', 1),
(4, 4, 5, 'Limited Time Discount', 'coupon_image_4.jpg', 'LIMITEDTIME', 0),
(5, 5, 12, 'Holiday Special', 'coupon_image_5.jpg', 'HOLIDAY2024', 1),
(6, 6, 8, 'New User Discount', 'coupon_image_6.jpg', 'NEWUSER123', 0),
(7, 7, 25, 'Big Sale Coupon', 'coupon_image_7.jpg', 'BIGSALE', 1),
(8, 8, 18, 'Spring Clearance', 'coupon_image_8.jpg', 'SPRINGCLEAN', 0),
(9, 9, 30, 'Super Discount', 'coupon_image_9.jpg', 'SUPERDISCOUNT', 1),
(10, 10, 15, 'Weekend Special', 'coupon_image_10.jpg', 'WEEKENDSPECIAL', 0),
(11, NULL, 20, STRINGDECODE('\u30dd\u30b1\u30e2\u30f3\u5272\u5f15'), NULL, 'pokemomm', 0),
(12, NULL, 20, 'product12', NULL, 'code111', 0);    
CREATE CACHED TABLE PUBLIC.HAVE_COUPON(
    ID INT DEFAULT (NEXT VALUE FOR PUBLIC.SYSTEM_SEQUENCE_0CCBAE58_4B98_4A4B_AA7F_5C5E3ED913BD) NOT NULL NULL_TO_DEFAULT SEQUENCE PUBLIC.SYSTEM_SEQUENCE_0CCBAE58_4B98_4A4B_AA7F_5C5E3ED913BD,
    COUPON_ID INT NOT NULL,
    USER_ID INT NOT NULL,
    COUPON_CODE VARCHAR(100),
    USED_FLAG TINYINT DEFAULT 0 NOT NULL
);  
ALTER TABLE PUBLIC.HAVE_COUPON ADD CONSTRAINT PUBLIC.CONSTRAINT_CD PRIMARY KEY(ID);           
-- 23 +/- SELECT COUNT(*) FROM PUBLIC.HAVE_COUPON;            
INSERT INTO PUBLIC.HAVE_COUPON(ID, COUPON_ID, USER_ID, COUPON_CODE, USED_FLAG) VALUES
(1, 7, 98, NULL, 0),
(33, 3, 98, NULL, 0),
(34, 4, 98, NULL, 0),
(35, 3, 98, NULL, 0),
(36, 1, 98, NULL, 0),
(65, 8, 98, NULL, 0),
(66, 1, 3, NULL, 0),
(67, 3, 98, NULL, 0),
(68, 8, 98, NULL, 0),
(69, 7, 98, NULL, 0),
(97, 7, 98, NULL, 0),
(129, 10, 98, NULL, 0),
(161, 4, 98, NULL, 0),
(193, 6, 98, NULL, 0),
(194, 9, 98, NULL, 0),
(195, 2, 98, NULL, 0),
(196, 2, 98, NULL, 0),
(228, 9, 98, NULL, 0),
(229, 8, 98, NULL, 0),
(230, 7, 98, NULL, 0),
(260, 5, 164, NULL, 0),
(261, 8, 164, NULL, 0),
(292, 3, 164, NULL, 0);          
CREATE CACHED TABLE PUBLIC.REVIEW(
    REVIEW_ID INT DEFAULT (NEXT VALUE FOR PUBLIC.SYSTEM_SEQUENCE_4274112B_F84B_4C7E_8772_C3988B97EA6E) NOT NULL NULL_TO_DEFAULT SEQUENCE PUBLIC.SYSTEM_SEQUENCE_4274112B_F84B_4C7E_8772_C3988B97EA6E,
    PRODUCT_ID INT NOT NULL,
    USER_ID INT NOT NULL,
    RATING INT NOT NULL,
    REVIEWBODY VARCHAR(10000) NOT NULL,
    SUBMISSIONDATE DATE,
    DELETING_TIME DATE,
    FLAG TINYINT DEFAULT 0 NOT NULL
);             
ALTER TABLE PUBLIC.REVIEW ADD CONSTRAINT PUBLIC.CONSTRAINT_8 PRIMARY KEY(REVIEW_ID);          
-- 54 +/- SELECT COUNT(*) FROM PUBLIC.REVIEW; 
INSERT INTO PUBLIC.REVIEW(REVIEW_ID, PRODUCT_ID, USER_ID, RATING, REVIEWBODY, SUBMISSIONDATE, DELETING_TIME, FLAG) VALUES
(1, 1, 98, 2, STRINGDECODE('\u30c6\u30b9\u30c8\u753b\u50cf'), DATE '2024-01-10', NULL, 1),
(2, 2, 98, 5, STRINGDECODE('\u3044\u3044\u306d'), DATE '2024-01-10', NULL, 1),
(3, 2, 98, 4, STRINGDECODE('\u30b3\u30e1\u30f3\u30c8'), DATE '2024-01-10', NULL, 1),
(4, 2, 98, 4, STRINGDECODE('\u30b3\u30e1\u30f3\u30c8'), DATE '2024-01-10', NULL, 1),
(5, 2, 98, 4, STRINGDECODE('\u30b3\u30e1\u30f3\u30c8'), DATE '2024-01-10', NULL, 1),
(6, 2, 98, 2, 'tesuto', DATE '2024-01-10', NULL, 1),
(7, 3, 98, 2, STRINGDECODE('\u3053\u3081\u3093\u3068\u30c6\u30b9\u30c8'), DATE '2024-01-10', NULL, 1),
(8, 1, 98, 5, STRINGDECODE('\u30b3\u30e1\u30f3\u30c8'), DATE '2024-01-10', NULL, 1),
(9, 1, 98, 5, STRINGDECODE('\u30b3\u30e1\u30f3\u30c8'), DATE '2024-01-10', NULL, 1),
(33, 1, 98, 3, STRINGDECODE('\u3066\u3059\u3068'), DATE '2024-01-11', NULL, 1),
(34, 1, 98, 3, STRINGDECODE('\u3066\u3059\u3068'), DATE '2024-01-11', NULL, 1),
(35, 1, 98, 2, 'test', DATE '2024-01-11', NULL, 1),
(36, 1, 98, 1, STRINGDECODE('\u30c6\u30b9\u30c8'), DATE '2024-01-11', NULL, 1),
(37, 3, 98, 3, STRINGDECODE('\u30c6\u30b9\u30c8'), DATE '2024-01-11', NULL, 0),
(38, 8, 98, 3, 'test', DATE '2024-01-11', NULL, 1),
(39, 8, 98, 3, 'test', DATE '2024-01-11', NULL, 0),
(40, 8, 98, 4, 'test', DATE '2024-01-11', NULL, 0),
(41, 8, 98, 4, 'test', DATE '2024-01-11', NULL, 0),
(42, 8, 98, 1, 'kkkkkkk', DATE '2024-01-11', NULL, 0),
(43, 8, 98, 1, 'kkkkkkk', DATE '2024-01-11', NULL, 0),
(44, 8, 98, 3, 'test', DATE '2024-01-11', NULL, 0),
(45, 1, 98, 1, 'test', DATE '2024-01-11', NULL, 1),
(46, 1, 98, 1, 'test', DATE '2024-01-11', NULL, 1),
(47, 2, 98, 3, 'test', DATE '2024-01-11', NULL, 0),
(48, 5, 98, 1, 'tt', DATE '2024-01-11', NULL, 0),
(49, 5, 98, 1, 'douga', DATE '2024-01-11', NULL, 0),
(50, 4, 98, 2, 'test', DATE '2024-01-11', NULL, 0),
(65, 1, 98, 1, 'tesuto', DATE '2024-01-12', NULL, 1),
(66, 1, 98, 2, STRINGDECODE('\u30c6\u30b9\u30c8'), DATE '2024-01-12', NULL, 1),
(67, 1, 98, 2, STRINGDECODE('\u30c6\u30b9\u30c8'), DATE '2024-01-12', NULL, 1),
(68, 1, 98, 2, STRINGDECODE('\u30c6\u30b9\u30c8'), DATE '2024-01-12', NULL, 1),
(69, 1, 98, 3, STRINGDECODE('\u30c6\u30b9\u30c8'), DATE '2024-01-12', NULL, 1),
(97, 1, 3, 1, STRINGDECODE('\u5927\u539f\u5b66\u5712'), DATE '2024-01-14', NULL, 0),
(98, 1, 3, 1, STRINGDECODE('\u30c6\u30b9\u30c8\u753b\u50cf'), DATE '2024-01-14', NULL, 0),
(99, 1, 3, 3, STRINGDECODE('\u30c6\u30b9\u30c8\u52d5\u753b'), DATE '2024-01-14', NULL, 1),
(129, 4, 98, 2, STRINGDECODE('\u30c6\u30b9\u30c8\u30c6\u30b9\u30c8'), DATE '2024-01-15', NULL, 0),
(130, 4, 98, 2, STRINGDECODE('\u30c6\u30b9\u30c8\u753b\u50cf'), DATE '2024-01-15', NULL, 0),
(131, 3, 98, 5, STRINGDECODE('\u3068\u3066\u3082\u304a\u3044\u3057\u304b\u3063\u305f\u3067\u3059\r\n'), DATE '2024-01-15', NULL, 0),
(161, 1, 98, 2, STRINGDECODE('\u52d5\u753b'), DATE '2024-01-17', NULL, 1),
(193, 2, 98, 4, STRINGDECODE('\u30b3\u30e1\u30f3\u30c8\u3067\u3059'), DATE '2024-01-18', NULL, 1),
(194, 1, 98, 1, STRINGDECODE('\u30c6\u30b9\u30c8\u2460'), DATE '2024-01-19', NULL, 0),
(195, 1, 98, 1, STRINGDECODE('\u3042\u308a\u304c\u3068\u3046'), DATE '2024-01-19', NULL, 1),
(196, 1, 98, 1, STRINGDECODE('\u3053\u3093\u306b\u3061\u306f\r\n'), DATE '2024-01-19', NULL, 1),
(197, 1, 98, 1, STRINGDECODE('\u3053\u3093\u306b\u3061\u306f\r\n'), DATE '2024-01-19', NULL, 1),
(198, 1, 98, 1, 'test', DATE '2024-01-19', NULL, 1),
(199, 1, 98, 1, 'test', DATE '2024-01-19', NULL, 1),
(200, 1, 98, 1, 'testo', DATE '2024-01-19', NULL, 1),
(201, 1, 98, 1, 'gazou', DATE '2024-01-19', NULL, 1),
(202, 1, 98, 1, 'testo', DATE '2024-01-19', NULL, 1),
(203, 1, 98, 1, 'testgazou', DATE '2024-01-19', NULL, 0),
(204, 7, 98, 1, STRINGDECODE('\u30c6\u30b9\u30c8'), DATE '2024-01-19', NULL, 0),
(226, 1, 98, 1, STRINGDECODE('\u304a\u306f\u3088\u3046\u3054\u3056\u3044\u307e\u3059'), DATE '2024-01-25', NULL, 1),
(227, 1, 98, 1, STRINGDECODE('\u304a\u306f\u3088\u3046\u3054\u3056\u3044\u307e\u3059'), DATE '2024-01-25', NULL, 0),
(258, 1, 164, 5, STRINGDECODE('1/19\u3053\u308c\u304a\u3044\u3057\u3044'), DATE '2024-01-29', NULL, 1);
CREATE CACHED TABLE PUBLIC.REVIEW_VIDEO(
    ID INT DEFAULT (NEXT VALUE FOR PUBLIC.SYSTEM_SEQUENCE_8AF9420C_2790_464B_86FF_4C114F18C4AF) NOT NULL NULL_TO_DEFAULT SEQUENCE PUBLIC.SYSTEM_SEQUENCE_8AF9420C_2790_464B_86FF_4C114F18C4AF,
    REVIEW_ID INT NOT NULL,
    VIDEO_FILENAME VARCHAR(100),
    FLAG TINYINT DEFAULT 0 NOT NULL
);              
ALTER TABLE PUBLIC.REVIEW_VIDEO ADD CONSTRAINT PUBLIC.CONSTRAINT_91 PRIMARY KEY(ID);          
-- 30 +/- SELECT COUNT(*) FROM PUBLIC.REVIEW_VIDEO;           
INSERT INTO PUBLIC.REVIEW_VIDEO(ID, REVIEW_ID, VIDEO_FILENAME, FLAG) VALUES
(1, 48, NULL, 0),
(2, 49, 'Happy New Year.mp4', 0),
(3, 50, 'Happy New Year.mp4', 0),
(33, 65, 'Happy New Year.mp4', 0),
(34, 66, 'Happy New Year.mp4', 0),
(35, 67, 'Happy New Year.mp4', 0),
(36, 68, 'Happy New Year.mp4', 0),
(37, 69, 'istockphoto-1499473599-640_adpp_is.mp4', 0),
(65, 97, NULL, 0),
(66, 98, NULL, 0),
(67, 99, 'Happy New Year.mp4', 0),
(97, 129, NULL, 0),
(98, 130, NULL, 0),
(99, 131, NULL, 0),
(129, 161, 'Happy New Year.mp4', 0),
(161, 193, NULL, 0),
(162, 194, NULL, 0),
(163, 195, NULL, 0),
(164, 196, NULL, 0),
(165, 197, NULL, 0),
(166, 198, NULL, 0),
(167, 199, NULL, 0),
(168, 200, NULL, 0),
(169, 201, NULL, 0),
(170, 202, NULL, 0),
(171, 203, NULL, 0),
(172, 204, NULL, 0),
(194, 226, NULL, 0),
(195, 227, NULL, 0),
(226, 258, NULL, 0);       
CREATE CACHED TABLE PUBLIC.EMAIL(
    EMAIL_ID INT DEFAULT (NEXT VALUE FOR PUBLIC.SYSTEM_SEQUENCE_CF8DC7CA_62D1_4319_8184_7F676BCBA3EF) NOT NULL NULL_TO_DEFAULT SEQUENCE PUBLIC.SYSTEM_SEQUENCE_CF8DC7CA_62D1_4319_8184_7F676BCBA3EF,
    SENDER INT NOT NULL,
    RECIPIENT INT NOT NULL,
    SUBJECT VARCHAR(10000) NOT NULL,
    BODY VARCHAR(100000) NOT NULL,
    STATUS VARCHAR(100) NOT NULL,
    SENDING_TIME DATE,
    DELETING_TIME DATE,
    FLAG TINYINT DEFAULT 0 NOT NULL
);         
ALTER TABLE PUBLIC.EMAIL ADD CONSTRAINT PUBLIC.CONSTRAINT_3F PRIMARY KEY(EMAIL_ID);           
-- 11 +/- SELECT COUNT(*) FROM PUBLIC.EMAIL;  
INSERT INTO PUBLIC.EMAIL(EMAIL_ID, SENDER, RECIPIENT, SUBJECT, BODY, STATUS, SENDING_TIME, DELETING_TIME, FLAG) VALUES
(1, 1, 98, STRINGDECODE('\u5546\u54c1B\u306b\u3064\u3044\u3066'), 'aaaaaaaaaaaaaaaaaa', STRINGDECODE('\u9001\u4fe1\u6e08\u307f'), DATE '2023-12-26', NULL, 1),
(33, 98, 98, STRINGDECODE('\u5546\u54c1B\u306b\u3064\u3044\u3066'), STRINGDECODE('\u3069\u306e\u304f\u3089\u3044\u3067\u3059\u304b'), STRINGDECODE('\u9001\u4fe1\u6e08\u307f'), DATE '2024-01-02', NULL, 1),
(34, 98, 98, STRINGDECODE('\u5546\u54c1B\u306b\u3064\u3044\u3066'), STRINGDECODE('\u3069\u306e\u304f\u3089\u3044\u3067\u3059\u304b'), STRINGDECODE('\u9001\u4fe1\u6e08\u307f'), DATE '2024-01-02', NULL, 1),
(35, 98, 98, STRINGDECODE('\u5546\u54c1A\u306b\u3064\u3044\u3066'), 'konnnitiha', STRINGDECODE('\u9001\u4fe1\u6e08\u307f'), DATE '2024-01-02', NULL, 1),
(65, 98, 98, STRINGDECODE('\u5546\u54c1C\u306b\u3064\u3044\u3066'), STRINGDECODE('\u307c\u304f\u3061\u3083\u3093'), STRINGDECODE('\u9001\u4fe1\u6e08\u307f'), DATE '2024-01-10', NULL, 1),
(97, 98, 3, STRINGDECODE('\u5546\u54c1A\u306b\u3064\u3044\u3066'), STRINGDECODE('\u50d5\u3082\u5927\u539f\u3067\u3059'), STRINGDECODE('\u9001\u4fe1\u6e08\u307f'), DATE '2024-01-14', NULL, 1),
(129, 98, 98, STRINGDECODE('\u5546\u54c1D\u306b\u3064\u3044\u3066'), STRINGDECODE('\u8fd4\u4fe1\u3057\u307e\u3057\u305f'), STRINGDECODE('\u9001\u4fe1\u6e08\u307f'), DATE '2024-01-15', NULL, 1),
(130, 98, 98, STRINGDECODE('\u5546\u54c1A\u306b\u3064\u3044\u3066'), STRINGDECODE('\u8fd4\u4fe1'), STRINGDECODE('\u9001\u4fe1\u6e08\u307f'), DATE '2024-01-15', NULL, 1),
(131, 3, 98, STRINGDECODE('\u5546\u54c1A\u306b\u3064\u3044\u3066'), STRINGDECODE('\u30c6\u30b9\u30c8\u30c6\u30b9\u30c8'), STRINGDECODE('\u9001\u4fe1\u6e08\u307f'), DATE '2024-01-15', NULL, 1),
(132, 3, 98, STRINGDECODE('\u5546\u54c1A\u306b\u3064\u3044\u3066'), STRINGDECODE('\u30c6\u30b9\u30c8\u30c6\u30b9\u30c8'), STRINGDECODE('\u9001\u4fe1\u6e08\u307f'), DATE '2024-01-15', NULL, 0),
(161, 164, 98, STRINGDECODE('\u5546\u54c1A\u306b\u3064\u3044\u3066'), STRINGDECODE('\u304a\u306f\u3088\u3046\u3054\u3056\u3044\u307e\u3059'), STRINGDECODE('\u9001\u4fe1\u6e08\u307f'), DATE '2024-01-29', NULL, 0);             
CREATE CACHED TABLE PUBLIC.REVIEW_IMAGE(
    ID INT DEFAULT (NEXT VALUE FOR PUBLIC.SYSTEM_SEQUENCE_885561D2_78D7_4FDF_921F_4C092CCA1376) NOT NULL NULL_TO_DEFAULT SEQUENCE PUBLIC.SYSTEM_SEQUENCE_885561D2_78D7_4FDF_921F_4C092CCA1376,
    REVIEW_ID INT NOT NULL,
    IMAGE_FILENAME VARCHAR(100),
    FLAG TINYINT DEFAULT 0 NOT NULL
);              
ALTER TABLE PUBLIC.REVIEW_IMAGE ADD CONSTRAINT PUBLIC.CONSTRAINT_90 PRIMARY KEY(ID);          
-- 54 +/- SELECT COUNT(*) FROM PUBLIC.REVIEW_IMAGE;           
INSERT INTO PUBLIC.REVIEW_IMAGE(ID, REVIEW_ID, IMAGE_FILENAME, FLAG) VALUES
(1, 1, 'Ecommerce Shopping LogoC.png', 1),
(2, 2, 'Ecommerce Shopping LogoC.png', 1),
(3, 3, 'foodbank_teikyou.png', 1),
(4, 4, 'foodbank_teikyou.png', 1),
(5, 5, 'foodbank_teikyou.png', 1),
(6, 6, 'tosyokan_book_tana.png', 1),
(7, 7, 'tosyokan_book_tana.png', 1),
(8, 8, NULL, 1),
(9, 9, NULL, 1),
(33, 33, 'tosyokan_book_tana.png', 1),
(34, 34, 'tosyokan_book_tana.png', 1),
(35, 35, NULL, 1),
(36, 36, NULL, 1),
(37, 37, NULL, 0),
(38, 38, NULL, 1),
(39, 39, NULL, 0),
(40, 40, NULL, 0),
(41, 41, NULL, 0),
(42, 42, NULL, 0),
(43, 43, NULL, 0),
(44, 44, NULL, 0),
(45, 45, NULL, 1),
(46, 46, NULL, 1),
(47, 47, 'foodbank_teikyou.png', 0),
(48, 48, 'Ecommerce Shopping LogoC.png', 0),
(49, 49, NULL, 0),
(50, 50, NULL, 0),
(65, 65, NULL, 1),
(66, 66, NULL, 1),
(67, 67, NULL, 1),
(68, 68, NULL, 1),
(69, 69, NULL, 1),
(97, 97, NULL, 0),
(98, 98, 'Ecommerce Shopping LogoC.png', 0),
(99, 99, NULL, 1),
(129, 129, NULL, 0),
(130, 130, 'Ecommerce Shopping LogoC.png', 0),
(131, 131, NULL, 0),
(161, 161, NULL, 1),
(193, 193, NULL, 1),
(194, 194, NULL, 0),
(195, 195, NULL, 1),
(196, 196, NULL, 1),
(197, 197, NULL, 1),
(198, 198, 'wallpaperbetter.jpg', 1),
(199, 199, 'wallpaperbetter.jpg', 1),
(200, 200, 'wallpaperbetter (1).jpg', 1),
(201, 201, 'syankusu.jpg', 1),
(202, 202, 'wallpaperbetter (1).jpg', 1),
(203, 203, 'syankusu.jpg', 0),
(204, 204, 'Ecommerce Shopping LogoC.png', 0),
(226, 226, NULL, 1),
(227, 227, NULL, 0),
(258, 258, NULL, 1);   
CREATE CACHED TABLE PUBLIC.LOGIN_HISTORY(
    ID INT DEFAULT (NEXT VALUE FOR PUBLIC.SYSTEM_SEQUENCE_35072BE0_FDB5_4C03_B116_CD2458BD4FD8) NOT NULL NULL_TO_DEFAULT SEQUENCE PUBLIC.SYSTEM_SEQUENCE_35072BE0_FDB5_4C03_B116_CD2458BD4FD8,
    USER_ID INT NOT NULL,
    LOGIN_DATE DATE
); 
ALTER TABLE PUBLIC.LOGIN_HISTORY ADD CONSTRAINT PUBLIC.CONSTRAINT_3E PRIMARY KEY(ID);         
-- 169 +/- SELECT COUNT(*) FROM PUBLIC.LOGIN_HISTORY;         
INSERT INTO PUBLIC.LOGIN_HISTORY(ID, USER_ID, LOGIN_DATE) VALUES
(1, 1, DATE '2023-12-06'),
(2, 2, DATE '2023-12-07'),
(3, 3, DATE '2023-12-08'),
(33, 33, DATE '2023-12-09'),
(65, 33, DATE '2023-12-09'),
(66, 65, DATE '2023-12-09'),
(67, 66, DATE '2023-12-10'),
(99, 98, DATE '2023-12-11'),
(131, 33, DATE '2023-12-13'),
(163, 33, DATE '2023-12-15'),
(164, 33, DATE '2023-12-15'),
(165, 33, DATE '2023-12-15'),
(167, 65, DATE '2023-12-15'),
(168, 66, DATE '2023-12-15'),
(169, 66, DATE '2023-12-15'),
(170, 66, DATE '2023-12-15'),
(171, 66, DATE '2023-12-15'),
(173, 130, DATE '2023-12-15'),
(174, 130, DATE '2023-12-15'),
(175, 130, DATE '2023-12-15'),
(176, 3, DATE '2023-12-15'),
(177, 1, DATE '2023-12-15'),
(178, 33, DATE '2023-12-15'),
(179, 131, DATE '2023-12-15'),
(180, 131, DATE '2023-12-17'),
(181, 131, DATE '2023-12-17'),
(182, 131, DATE '2023-12-17'),
(183, 66, DATE '2023-12-17'),
(184, 66, DATE '2023-12-17'),
(185, 98, DATE '2023-12-17'),
(212, 98, DATE '2023-12-18'),
(213, 98, DATE '2023-12-18'),
(214, 98, DATE '2023-12-18'),
(215, 98, DATE '2023-12-18'),
(244, 98, DATE '2023-12-18'),
(276, 98, DATE '2023-12-20'),
(277, 98, DATE '2023-12-20'),
(308, 98, DATE '2023-12-21'),
(309, 98, DATE '2023-12-21'),
(310, 98, DATE '2023-12-21'),
(311, 98, DATE '2023-12-22'),
(312, 98, DATE '2023-12-22'),
(343, 98, DATE '2023-12-22'),
(344, 130, DATE '2023-12-22'),
(375, 98, DATE '2023-12-23'),
(376, 98, DATE '2023-12-23'),
(377, 98, DATE '2023-12-23'),
(378, 98, DATE '2023-12-23'),
(407, 98, DATE '2023-12-24'),
(408, 98, DATE '2023-12-24'),
(409, 98, DATE '2023-12-25'),
(441, 98, DATE '2023-12-25'),
(442, 130, DATE '2023-12-25'),
(473, 98, DATE '2023-12-25'),
(474, 3, DATE '2023-12-25'),
(475, 98, DATE '2023-12-25'),
(476, 1, DATE '2023-12-26'),
(505, 98, DATE '2023-12-26'),
(506, 98, DATE '2023-12-26'),
(537, 98, DATE '2023-12-29'),
(538, 98, DATE '2023-12-29'),
(539, 98, DATE '2023-12-29'),
(569, 98, DATE '2024-01-02'),
(570, 98, DATE '2024-01-02'),
(571, 98, DATE '2024-01-02'),
(572, 98, DATE '2024-01-02'),
(573, 98, DATE '2024-01-02'),
(574, 98, DATE '2024-01-02'),
(575, 98, DATE '2024-01-02'),
(576, 98, DATE '2024-01-02'),
(577, 98, DATE '2024-01-02'),
(578, 98, DATE '2024-01-02'),
(579, 98, DATE '2024-01-02'),
(580, 98, DATE '2024-01-02'),
(581, 98, DATE '2024-01-02'),
(582, 98, DATE '2024-01-02'),
(583, 98, DATE '2024-01-02'),
(584, 98, DATE '2024-01-02'),
(585, 98, DATE '2024-01-02'),
(586, 98, DATE '2024-01-02'),
(587, 98, DATE '2024-01-02'),
(588, 98, DATE '2024-01-02'),
(589, 98, DATE '2024-01-02'),
(590, 98, DATE '2024-01-02'),
(591, 98, DATE '2024-01-02'),
(601, 98, DATE '2024-01-03'),
(602, 98, DATE '2024-01-03'),
(633, 98, DATE '2024-01-03'),
(634, 98, DATE '2024-01-03'),
(635, 98, DATE '2024-01-03'),
(636, 98, DATE '2024-01-03'),
(665, 98, DATE '2024-01-05'),
(666, 98, DATE '2024-01-05'),
(697, 98, DATE '2024-01-07'),
(698, 98, DATE '2024-01-07'),
(699, 98, DATE '2024-01-07'),
(700, 98, DATE '2024-01-07'),
(701, 98, DATE '2024-01-07'),
(702, 98, DATE '2024-01-07'),
(703, 98, DATE '2024-01-07'),
(704, 98, DATE '2024-01-07'),
(705, 98, DATE '2024-01-07'),
(706, 98, DATE '2024-01-07'),
(707, 98, DATE '2024-01-07'),
(708, 98, DATE '2024-01-07'),
(709, 98, DATE '2024-01-07'),
(710, 98, DATE '2024-01-07'),
(711, 98, DATE '2024-01-07'),
(712, 98, DATE '2024-01-07'),
(713, 98, DATE '2024-01-07'),
(714, 98, DATE '2024-01-07'),
(715, 98, DATE '2024-01-07'),
(716, 98, DATE '2024-01-07'),
(729, 98, DATE '2024-01-10'),
(730, 98, DATE '2024-01-10'),
(731, 98, DATE '2024-01-10'),
(732, 98, DATE '2024-01-10'),
(733, 98, DATE '2024-01-10'),
(761, 98, DATE '2024-01-11'),
(762, 98, DATE '2024-01-11'),
(763, 98, DATE '2024-01-11'),
(764, 98, DATE '2024-01-11'),
(765, 98, DATE '2024-01-11'),
(766, 98, DATE '2024-01-11'),
(793, 98, DATE '2024-01-12'),
(825, 98, DATE '2024-01-12'),
(826, 98, DATE '2024-01-12'),
(857, 3, DATE '2024-01-14'),
(858, 3, DATE '2024-01-14'),
(859, 98, DATE '2024-01-14'),
(860, 3, DATE '2024-01-14'),
(861, 98, DATE '2024-01-14'),
(862, 98, DATE '2024-01-14'),
(889, 98, DATE '2024-01-15'),
(890, 3, DATE '2024-01-15');  
INSERT INTO PUBLIC.LOGIN_HISTORY(ID, USER_ID, LOGIN_DATE) VALUES
(891, 98, DATE '2024-01-15'),
(892, 98, DATE '2024-01-15'),
(893, 98, DATE '2024-01-15'),
(894, 98, DATE '2024-01-15'),
(895, 98, DATE '2024-01-15'),
(921, 98, DATE '2024-01-16'),
(953, 98, DATE '2024-01-16'),
(985, 98, DATE '2024-01-17'),
(1017, 98, DATE '2024-01-18'),
(1018, 98, DATE '2024-01-18'),
(1019, 98, DATE '2024-01-18'),
(1020, 98, DATE '2024-01-19'),
(1021, 98, DATE '2024-01-19'),
(1022, 98, DATE '2024-01-19'),
(1023, 98, DATE '2024-01-19'),
(1024, 98, DATE '2024-01-19'),
(1025, 98, DATE '2024-01-19'),
(1026, 98, DATE '2024-01-19'),
(1027, 98, DATE '2024-01-19'),
(1052, 98, DATE '2024-01-24'),
(1053, 98, DATE '2024-01-24'),
(1054, 98, DATE '2024-01-24'),
(1055, 98, DATE '2024-01-24'),
(1084, 98, DATE '2024-01-24'),
(1085, 98, DATE '2024-01-24'),
(1116, 98, DATE '2024-01-25'),
(1117, 98, DATE '2024-01-25'),
(1148, 98, DATE '2024-01-26'),
(1149, 98, DATE '2024-01-26'),
(1150, 98, DATE '2024-01-26'),
(1151, 98, DATE '2024-01-26'),
(1180, 164, DATE '2024-01-29'),
(1181, 164, DATE '2024-01-29'),
(1212, 164, DATE '2024-01-29');   
CREATE CACHED TABLE PUBLIC.COMPANY_REVIEW(
    ID INT DEFAULT (NEXT VALUE FOR PUBLIC.SYSTEM_SEQUENCE_EF42C146_067B_4BA6_84A7_600C6D0BB470) NOT NULL NULL_TO_DEFAULT SEQUENCE PUBLIC.SYSTEM_SEQUENCE_EF42C146_067B_4BA6_84A7_600C6D0BB470,
    COMPANY_ID INT NOT NULL,
    REVIEW_TITLE VARCHAR(100) NOT NULL,
    REVIEW_BODY VARCHAR(10000) NOT NULL,
    IMAGE VARCHAR(100) NOT NULL,
    SUBMISSIONDATE DATE,
    DELETING_TIME DATE,
    FLAG TINYINT DEFAULT 0 NOT NULL
);     
ALTER TABLE PUBLIC.COMPANY_REVIEW ADD CONSTRAINT PUBLIC.CONSTRAINT_11 PRIMARY KEY(ID);        
-- 0 +/- SELECT COUNT(*) FROM PUBLIC.COMPANY_REVIEW;          
CREATE CACHED TABLE PUBLIC.CREVIEW_VIDEO(
    ID INT DEFAULT (NEXT VALUE FOR PUBLIC.SYSTEM_SEQUENCE_018EF2E3_12D4_4EB0_A4F7_34084022D1D1) NOT NULL NULL_TO_DEFAULT SEQUENCE PUBLIC.SYSTEM_SEQUENCE_018EF2E3_12D4_4EB0_A4F7_34084022D1D1,
    COMPANY_ID INT NOT NULL,
    VIDEO_FILENAME VARCHAR(100) NOT NULL,
    FLAG TINYINT DEFAULT 0 NOT NULL
);   
ALTER TABLE PUBLIC.CREVIEW_VIDEO ADD CONSTRAINT PUBLIC.CONSTRAINT_FD PRIMARY KEY(ID);         
-- 0 +/- SELECT COUNT(*) FROM PUBLIC.CREVIEW_VIDEO;           
CREATE CACHED TABLE PUBLIC.CREVIEW_IMAGE(
    ID INT DEFAULT (NEXT VALUE FOR PUBLIC.SYSTEM_SEQUENCE_AEDF5E03_33F5_448A_BAFC_A2DF573F2B4B) NOT NULL NULL_TO_DEFAULT SEQUENCE PUBLIC.SYSTEM_SEQUENCE_AEDF5E03_33F5_448A_BAFC_A2DF573F2B4B,
    COMPANY_ID INT NOT NULL,
    IMAGE_FILENAME VARCHAR(100) NOT NULL,
    FLAG TINYINT DEFAULT 0 NOT NULL
);   
ALTER TABLE PUBLIC.CREVIEW_IMAGE ADD CONSTRAINT PUBLIC.CONSTRAINT_FD3 PRIMARY KEY(ID);        
-- 0 +/- SELECT COUNT(*) FROM PUBLIC.CREVIEW_IMAGE;           
CREATE CACHED TABLE PUBLIC.FAVORITE(
    ID INT DEFAULT (NEXT VALUE FOR PUBLIC.SYSTEM_SEQUENCE_769F4FA0_B2B9_47F8_85B4_A27D9891777E) NOT NULL NULL_TO_DEFAULT SEQUENCE PUBLIC.SYSTEM_SEQUENCE_769F4FA0_B2B9_47F8_85B4_A27D9891777E,
    USER_ID INT NOT NULL,
    PRODUCT_ID INT NOT NULL,
    FLAG TINYINT DEFAULT 0 NOT NULL
);        
ALTER TABLE PUBLIC.FAVORITE ADD CONSTRAINT PUBLIC.CONSTRAINT_6D PRIMARY KEY(ID);              
-- 0 +/- SELECT COUNT(*) FROM PUBLIC.FAVORITE;
ALTER TABLE PUBLIC.EMAIL ADD CONSTRAINT PUBLIC.CONSTRAINT_3F05 FOREIGN KEY(RECIPIENT) REFERENCES PUBLIC.USER(ID) NOCHECK;     
ALTER TABLE PUBLIC.PURCHASE_HISTORY ADD CONSTRAINT PUBLIC.CONSTRAINT_29A FOREIGN KEY(COMPANY_ID) REFERENCES PUBLIC.COMPANY(ID) NOCHECK;       
ALTER TABLE PUBLIC.PRO_IMAGE ADD CONSTRAINT PUBLIC.CONSTRAINT_94 FOREIGN KEY(PRODUCT_ID) REFERENCES PUBLIC.PRODUCT(ID) NOCHECK;               
ALTER TABLE PUBLIC.REVIEW ADD CONSTRAINT PUBLIC.CONSTRAINT_8F FOREIGN KEY(PRODUCT_ID) REFERENCES PUBLIC.PRODUCT(ID) NOCHECK;  
ALTER TABLE PUBLIC.PURCHASE_HISTORY ADD CONSTRAINT PUBLIC.CONSTRAINT_29A9 FOREIGN KEY(PRODUCT_ID) REFERENCES PUBLIC.PRODUCT(ID) NOCHECK;      
ALTER TABLE PUBLIC.ADDRESS ADD CONSTRAINT PUBLIC.CONSTRAINT_E6 FOREIGN KEY(USER_ID) REFERENCES PUBLIC.USER(ID) NOCHECK;       
ALTER TABLE PUBLIC.CREVIEW_VIDEO ADD CONSTRAINT PUBLIC.CONSTRAINT_FDE FOREIGN KEY(COMPANY_ID) REFERENCES PUBLIC.COMPANY(ID) NOCHECK;          
ALTER TABLE PUBLIC.CREVIEW_IMAGE ADD CONSTRAINT PUBLIC.CONSTRAINT_FD39 FOREIGN KEY(COMPANY_ID) REFERENCES PUBLIC.COMPANY(ID) NOCHECK;         
ALTER TABLE PUBLIC.COUPON ADD CONSTRAINT PUBLIC.CONSTRAINT_76 FOREIGN KEY(PRODUCT_ID) REFERENCES PUBLIC.PRODUCT(ID) NOCHECK;  
ALTER TABLE PUBLIC.FAVORITE ADD CONSTRAINT PUBLIC.CONSTRAINT_6D47 FOREIGN KEY(PRODUCT_ID) REFERENCES PUBLIC.PRODUCT(ID) NOCHECK;              
ALTER TABLE PUBLIC.PRODUCT_CART ADD CONSTRAINT PUBLIC.CONSTRAINT_C852 FOREIGN KEY(COMPANY_ID) REFERENCES PUBLIC.COMPANY(ID) NOCHECK;          
ALTER TABLE PUBLIC.REVIEW_VIDEO ADD CONSTRAINT PUBLIC.CONSTRAINT_91A FOREIGN KEY(REVIEW_ID) REFERENCES PUBLIC.REVIEW(REVIEW_ID) NOCHECK;      
ALTER TABLE PUBLIC.FAVORITE ADD CONSTRAINT PUBLIC.CONSTRAINT_6D4 FOREIGN KEY(USER_ID) REFERENCES PUBLIC.USER(ID) NOCHECK;     
ALTER TABLE PUBLIC.EMAIL ADD CONSTRAINT PUBLIC.CONSTRAINT_3F0 FOREIGN KEY(SENDER) REFERENCES PUBLIC.USER(ID) NOCHECK;         
ALTER TABLE PUBLIC.COMPANY_REVIEW ADD CONSTRAINT PUBLIC.CONSTRAINT_117 FOREIGN KEY(COMPANY_ID) REFERENCES PUBLIC.COMPANY(ID) NOCHECK;         
ALTER TABLE PUBLIC.REVIEW_IMAGE ADD CONSTRAINT PUBLIC.CONSTRAINT_90E FOREIGN KEY(REVIEW_ID) REFERENCES PUBLIC.REVIEW(REVIEW_ID) NOCHECK;      
ALTER TABLE PUBLIC.PURCHASE_HISTORY ADD CONSTRAINT PUBLIC.CONSTRAINT_29A97 FOREIGN KEY(USER_ID) REFERENCES PUBLIC.USER(ID) NOCHECK;           
ALTER TABLE PUBLIC.TEST_PRODUCT ADD CONSTRAINT PUBLIC.CONSTRAINT_271 FOREIGN KEY(PRO_ID) REFERENCES PUBLIC.PRODUCT(ID) NOCHECK;               
ALTER TABLE PUBLIC.PRODUCT_CATEGORY ADD CONSTRAINT PUBLIC.CONSTRAINT_391 FOREIGN KEY(PRODUCT_ID) REFERENCES PUBLIC.PRODUCT(ID) NOCHECK;       
ALTER TABLE PUBLIC.LOGIN_HISTORY ADD CONSTRAINT PUBLIC.CONSTRAINT_3E8 FOREIGN KEY(USER_ID) REFERENCES PUBLIC.USER(ID) NOCHECK;
ALTER TABLE PUBLIC.PRODUCT_CART ADD CONSTRAINT PUBLIC.CONSTRAINT_C8 FOREIGN KEY(USER_ID) REFERENCES PUBLIC.USER(ID) NOCHECK;  
ALTER TABLE PUBLIC.PRODUCT_CART ADD CONSTRAINT PUBLIC.CONSTRAINT_C85 FOREIGN KEY(PRODUCT_ID) REFERENCES PUBLIC.PRODUCT(ID) NOCHECK;           
ALTER TABLE PUBLIC.PRODUCT ADD CONSTRAINT PUBLIC.CONSTRAINT_18 FOREIGN KEY(COMPANY_ID) REFERENCES PUBLIC.COMPANY(ID) NOCHECK; 
ALTER TABLE PUBLIC.REVIEW ADD CONSTRAINT PUBLIC.CONSTRAINT_8FE FOREIGN KEY(USER_ID) REFERENCES PUBLIC.USER(ID) NOCHECK;       
ALTER TABLE PUBLIC.PURCHASE_HISTORY_PRO ADD CONSTRAINT PUBLIC.CONSTRAINT_F59 FOREIGN KEY(ITEM_ID) REFERENCES PUBLIC.PRODUCT(ID) NOCHECK;      
